company,label,keyword

"三诺生物","AP202412191641357951","三诺生物"
"三诺生物","AP202412191641357951","fda"
"三诺生物","AP202412191641357951","审批"
"三诺生物","AP202412191641357951","受理"
"三诺生物","AP202412191641357951","催化"
"三诺生物","AP202412191641357951","落地"
"三诺生物","AP202412191641357951","cgm"
"三诺生物","AP202412191641357951","出海"
"九号公司","AP202412191641358437","九号公司"
"九号公司","AP202412191641358437","以旧换新"
"九号公司","AP202412191641358437","新强标"
"九号公司","AP202412191641358437","助推"
"九号公司","AP202412191641358437","高端化"
"九号公司","AP202412191641358437","利好"
"九号公司","AP202412191641358437","两轮车"
"九号公司","AP202412191641358437","品类"
"九号公司","AP202412191641358437","割草机器人"
"九号公司","AP202412191641358437","业务"
"九号公司","AP202412191641358437","增长"
"九号公司","AP202412191641358437","强劲"
"招商南油","AP202412191641357378","招商南油"
"招商南油","AP202412191641357378","成品油"
"招商南油","AP202412191641357378","运景气"
"招商南油","AP202412191641357378","持续"
"招商南油","AP202412191641357378","周期"
"招商南油","AP202412191641357378","红利"
"招商南油","AP202412191641357378","回报"
"招商南油","AP202412191641357378","股东"
"精工科技","AP202412191641357887","精工科技"
"精工科技","AP202412191641357887","新材料"
"精工科技","AP202412191641357887","装备"
"精工科技","AP202412191641357887","市场"
"精工科技","AP202412191641357887","扩大"
"精工科技","AP202412191641357887","产销规模"
